{"train/epoch":0.06666666666666667,"train/loss":24.3818,"train_samples_per_second":0.421,"train_steps_per_second":0.105,"train/global_step":1500,"train_loss":26.685965616861978,"_timestamp":1.746682855017689e+09,"_runtime":14238.33030444,"_step":121,"total_flos":1.038754168832e+13,"_wandb":{"runtime":14239},"train/grad_norm":0.3663039803504944,"train/learning_rate":2e-05,"train_runtime":14238.6136}